Gender,Department,Education,Income,Age,Experience
Male,Tech,High School,45044.91376110561,6895.611190590743,18.33989087267067
Female,Tech,High School,38700.3339715523,63973.26051600304,6.88602593503231
Male,Sales,Master,40841.94003721885,51981.43892985367,5.938735975870724
Male,HR,High School,50272.49061755962,10588.055666575858,12.203430235003651
Male,Sales,High School,47202.64341616272,44061.05357788401,3.7686404386783785
Male,HR,Bachelor,33652.09579839758,39326.730399400985,9.294178270082684
Male,HR,High School,35394.38670536469,45586.98995485113,16.437474775229465
Male,Sales,Bachelor,28962.89847677517,54469.2161337466,5.365192233539799
Male,Tech,High School,55827.46025905222,32430.908868880208,4.05410654278386
Male,Tech,High School,34637.08259766013,35641.88735085787,5.502456394126906
Male,Tech,High School,47085.356948551576,50212.05386418285,12.695078705040956
Female,Finance,High School,52707.81417469303,31782.80474455413,13.374330159957438
Male,Finance,Master,55399.54473309512,52029.24972710182,8.462233609064473
Male,Tech,High School,44584.41370097842,19654.63003223888,12.049637212003208
Male,HR,Bachelor,40450.36051965208,40409.209571192245,14.170765982535968
Male,Finance,High School,55807.08989127236,5200.428589979235,15.362039243289477
Male,Tech,High School,38782.04048722635,36243.012392087636,9.260994156460455
Male,Tech,Master,55217.96802263857,60706.93934400148,3.09558484699004
Male,Finance,High School,46067.00931256844,39073.70029410501,7.5373632327709394
Male,Tech,Bachelor,48640.79993194823,62832.94645751304,8.719587415194226
Male,HR,PhD,32442.455959335774,14266.050193922332,9.223183610264828
Male,Tech,Bachelor,39967.53638592856,46569.99987726134,9.43642179697384
Male,Finance,Master,34553.9515937812,28436.348946404243,13.356683793792008
Male,Finance,High School,40186.72906404406,57391.33330147674,13.823285280062745
Male,Finance,High School,44166.33870316993,28843.188758531014,9.48497903822565
Male,Tech,High School,50091.23925835444,41089.618496808005,13.295454628155456
Male,Sales,Bachelor,35787.38028178014,2340.125501556321,11.072984099893269
Male,Sales,PhD,51231.6279206011,4867.120625543951,10.193517918587716
Male,Tech,High School,35416.016368626726,54117.58353413905,12.719632471329891
Male,Sales,Bachelor,32797.84487006394,35891.301779909045,10.216756144713749
Male,Tech,High School,41153.172650109984,53640.19857120171,16.173433531293288
Male,Tech,Bachelor,42509.0511622751,52662.58193435519,5.684766499616322
Male,Tech,High School,35448.504514512475,41100.04941511463,8.454487302723948
Female,Tech,PhD,29193.32919929967,64604.3528828445,9.62044330913815
Female,Tech,Bachelor,32140.131528781923,35700.48563677626,11.318358071373972
Male,HR,High School,42162.68908532532,46496.13083994042,13.803881461309269
Male,Tech,High School,34657.108959700185,31298.98373779579,9.92680429829153
Male,HR,High School,43678.06238385758,21161.947563790713,5.733311051481378
Male,Tech,High School,44572.74786848086,50253.05141707669,12.527541689365012
Male,Tech,High School,45659.22924037262,31228.39777891031,12.264876298425891
Male,Tech,Master,59909.13896853324,39385.23143165916,4.174424021861782
Male,Sales,Bachelor,45071.728387344,32966.930594302714,9.988587598987602
Male,Tech,Bachelor,52446.94260129231,50281.097769474196,5.229574507959106
Female,HR,High School,39814.904974408106,41166.00085899839,8.006046707493812
Male,Sales,Master,28301.22900750996,26779.20632498205,7.2915732191116
Male,HR,Bachelor,53705.42791495695,16646.738503157143,12.427794094725956
Male,Tech,High School,43004.65182540061,29120.366442791903,10.350490522516552
Male,Tech,Bachelor,42762.03945427491,25733.028841977044,6.143226997731917
Male,Sales,Bachelor,36483.84597459484,19541.53546320738,12.640197888872027
Male,Tech,High School,30431.417200683183,29881.256850075548,5.698582528214757
Female,Sales,High School,40038.84973439428,38243.243361198976,10.99034137141283
Male,Tech,High School,33489.54927414097,24064.124053670606,7.557967992125333
Female,Finance,High School,37867.73784031882,28687.10677196722,8.90296875240844
Male,Sales,Master,34202.13604223566,49245.04553013662,11.512812244115151
Male,Finance,Master,55627.92357807858,63111.9499520696,11.564348197178589
Female,Tech,Bachelor,46227.61043405505,31567.550378785105,14.010907220667882
Male,Sales,High School,48378.94817325106,67699.26748215621,9.75323890098564
Male,Tech,High School,42572.5467657791,41975.71586645212,10.91935258889002
Male,Tech,Bachelor,41778.49002163695,40629.74827329348,8.686788032787026
Male,HR,Bachelor,44083.414134961546,34944.47951977332,10.545969647868391
Male,Sales,High School,41213.33641627715,39377.70867928297,11.318458144025534
Male,Finance,Bachelor,52352.8784230717,64208.42927690667,9.705070457636872
Male,Sales,Master,43782.10304538504,28219.924265412552,4.588748547722512
Male,Tech,High School,44936.13934976696,2818.477339950559,10.994412688992686
Male,Tech,High School,44368.0873501569,51192.685765066795,11.093684432066372
Male,HR,Bachelor,33832.775322257,41989.93336796126,7.959479570956147
Male,Tech,High School,39485.93416594334,50346.39745767714,6.1468388917824575
Male,Tech,High School,35393.64088809773,12335.696110095578,14.427637451511895
Male,Tech,High School,33902.03913066577,51586.80587866352,11.474336532683209
Female,Tech,High School,50592.62775935611,7358.357801997375,9.31275690723487
Male,Tech,Bachelor,44725.290647779046,18506.18638951172,6.588901350557538
Male,Tech,Bachelor,47341.52637865009,28933.9898383213,7.534555514735962
Male,Tech,High School,32788.189405236786,23618.75319128773,13.907771190358694
Male,Tech,Master,30024.72230932268,28376.473845742108,10.41298582260414
Male,Finance,Master,55503.430227079545,30617.066586712026,8.34823879899788
Male,Tech,Master,39263.53038841934,21825.451085193858,11.52906769367397
Male,Tech,High School,38915.249533911934,53663.40252411988,7.556805437661029
Male,HR,High School,28861.744304579155,31695.16838094979,14.502529090841136
Male,Tech,PhD,47444.59190335551,54986.9271997335,14.058401604690175
Male,Finance,Bachelor,33342.50308634248,52352.85701518567,8.60027778639167
Male,Sales,High School,39123.40331487263,12449.903643481712,8.113989258907418
Male,Tech,High School,43209.742037182485,6469.2885718061425,2.1456004039231606
Male,Tech,High School,29572.040782266788,54368.655739387934,5.555257685345896
Male,Sales,Master,32748.47853082068,42347.56875836574,5.981590675126731
Male,Finance,Bachelor,36754.58201394868,38131.65692145081,10.405571022962157
Male,Tech,High School,34188.45805438044,33807.25650195464,9.021298886675922
Male,HR,High School,31105.956277938923,22630.224599515215,5.963993537754275
Male,Tech,Bachelor,40424.25930605362,45986.77005646199,9.156507872606328
Male,Finance,Master,38441.82087879644,47423.51089678667,11.516011442942045
Male,Tech,High School,53542.1652762988,42738.15627068132,11.58351804974676
Male,Finance,Bachelor,56330.71428677272,20306.306683720963,4.3009891574233565
Male,HR,PhD,49702.36058566903,50654.128300982826,9.615209558548507
Male,HR,High School,49077.31707333094,37490.099886945034,5.849977669085169
Male,Tech,Bachelor,42665.38806111479,34579.66928520383,12.705186091420822
Male,Tech,High School,36469.25205002643,7815.1344831068955,12.352439249060495
Male,Tech,Bachelor,32229.674823664,35031.452671392464,7.305918321026625
Male,Tech,Bachelor,34225.02611431763,35804.4430340339,7.7018643927988
Male,Tech,Bachelor,34700.12456283199,69944.65171207374,8.616198848505078
Male,Sales,Bachelor,42276.80353822398,45219.02078915309,3.241619815805983
Male,Tech,High School,40924.05488095373,12818.44923210885,11.00790452032173
Male,Tech,Master,44387.5881167492,45257.365476091356,9.181466360979607
Male,Finance,Bachelor,44288.77005327072,42600.55269391141,12.910525247703578
Male,Sales,High School,31193.20518802985,28952.387516251954,6.704772346112343
Male,Finance,Bachelor,41519.85529811064,45433.134345556486,8.142631155250205
Female,Finance,Bachelor,35807.641975607774,23472.27792977808,5.480424225882654
Male,Tech,High School,55262.15380560083,58731.706720671595,6.9871283095172405
Male,Tech,Master,37032.56876569917,25148.445424580957,6.454054011795343
Male,Sales,Master,33011.595899040185,19937.508977785037,12.987921036539335
Male,HR,High School,37486.16750374846,17354.004482677963,7.905214453745823
Male,Tech,PhD,35296.13772694545,36522.47289395708,10.37252705423384
Male,Sales,High School,33664.63573710064,22331.50318133629,8.857709788414587
Male,Tech,High School,43916.75861954159,11341.160820800122,6.191604201961561
Female,Tech,High School,37431.708773472994,35892.12516127257,9.495098730485072
Male,Tech,Master,46945.12550268964,20872.99595863996,11.797309995590783
Male,Tech,Bachelor,43234.26441844518,49369.440663162946,6.376721822369943
Male,Tech,High School,41248.17343702253,23274.826415218515,12.427338372194136
Male,Tech,High School,42007.14025829739,32550.186075643658,7.450837235566912
Male,Sales,Bachelor,30763.15320784679,47299.72269144454,8.551048221781478
Male,Tech,High School,39520.62858762397,57194.18578555998,11.592049369030144
Male,Tech,Master,33450.47773780928,47875.384599436235,8.009691528341536
Male,Sales,Master,45878.376988755925,57838.387199669574,10.112724578007596
Male,Finance,Bachelor,65161.40000601421,21333.33635960363,9.055927513635725
Male,Sales,PhD,41653.2812895373,19006.45501566707,10.388104020111456
Male,Sales,High School,52195.87334993666,39232.612203356824,2.857782683429509
Male,HR,PhD,33464.475424018136,30949.115781239187,4.510954554375751
Male,Tech,Bachelor,38852.40923742889,50362.768531798276,11.847901018140517
Male,Tech,Bachelor,31986.365163511928,45313.234558714525,13.11154421694715
Male,Tech,High School,48547.93058123042,34227.533990241674,7.268539889405436
Male,Tech,Master,48257.64036553008,19164.856334597844,9.267914943486597
Male,Tech,High School,42411.40080893583,29519.63939730334,10.884157758706904
Male,HR,High School,39493.8321145045,17006.58250583255,12.079652804976114
Male,Tech,High School,51777.347090120005,53680.56510818943,3.9169681849874536
Male,Tech,Bachelor,59200.12700744034,31288.800761941002,7.341879259064869
Male,Tech,Bachelor,41538.57569571602,41258.42038766673,9.002261860450375
Female,HR,Bachelor,39710.82104539876,77421.7240179862,12.109420591708147
Male,Tech,Master,42060.836542604666,12570.257057420127,17.495291451164483
Male,Sales,High School,33494.23921343618,46624.52824466843,9.315982819570849
Male,Tech,Bachelor,29685.34687752308,38389.14407183038,5.779067613688033
Male,Tech,High School,28998.972821796186,28022.7616143864,11.206804231603892
Female,Tech,Master,61036.69863516094,61676.62604549208,13.96298736862213
Female,Sales,Master,30694.62766918339,44990.80922262492,10.324042362938505
Male,Tech,Bachelor,40613.16794565329,24976.692664050985,7.280054364537122
Male,HR,Bachelor,36619.52824666862,41500.728346265554,12.873981824440058
Male,Tech,High School,50748.02293011373,35500.375310797506,11.990636855495303
Male,Tech,High School,47990.62469305417,32871.17331746558,6.921757467413126
Male,Sales,Master,45025.86641925601,10322.451736779958,11.144276852603026
Male,Sales,High School,32946.496586572146,33292.71160934947,12.991796702976618
Male,HR,High School,34247.35135971523,23164.651997143545,13.54567012767668
Male,Sales,High School,41523.37916486979,9518.11007091669,9.800653074071633
Male,Sales,Master,34543.10072023988,17915.671264829893,8.925761661462044
Female,HR,High School,40278.88972601935,25971.448129649107,13.681821466243788
Male,Sales,High School,43514.39585035496,17410.2142422403,6.369518491057345
Male,HR,Bachelor,34877.46502449068,13964.866730795313,11.315737872763016
Male,HR,Master,39061.55907607036,39958.61863274032,5.889920117906712
Female,HR,High School,46945.41786347488,56958.66749403546,13.196128816778808
Male,Sales,High School,44368.19401143988,51808.95230514132,9.225863453166516
Male,Tech,High School,74498.93692323082,32293.273547009434,13.805749706942407
Male,Sales,High School,48486.48525980125,40086.2000917679,11.47423826906658
Male,Sales,High School,49418.90181003934,36566.172850811105,6.33033930981421
Male,Tech,Bachelor,50534.85096615611,61563.78357150667,14.27388319623173
Male,Sales,Bachelor,39014.26367402799,22078.264970947,14.653735799283188
Male,Tech,Bachelor,36859.59861469694,28114.319834775157,12.646859477797648
Male,Tech,High School,40747.713069291305,37137.74359943387,7.715236404891341
Male,HR,Master,36413.8024300533,28081.492096147602,9.081958136927774
Male,Tech,High School,31223.556240461232,49640.00372061936,10.43628165221728
Male,Sales,PhD,35603.39162242509,35372.92193557281,7.8888688020057
Male,Sales,Bachelor,30094.587730308675,43733.53940540833,15.077039717389614
Male,Tech,High School,62490.86447975328,52159.16118333221,10.43297941517811
Male,Tech,Bachelor,31520.134687813457,42897.0324376677,1.8899558586779293
Male,Tech,High School,46016.44177476948,35790.551761525596,11.01806743826866
Male,HR,Bachelor,33365.50284040895,46990.52210515474,8.95552780954806
Male,Finance,High School,70835.31016275288,23195.673964645954,9.775220331644656
Male,HR,High School,34043.56026883496,46690.35223440297,8.8941419026429
Male,Tech,Master,32247.98378647255,6484.121843278501,12.421139249820062
Male,HR,High School,42890.05950715027,20185.145972990962,13.359063335660144
Male,Tech,Master,35452.304653411804,21686.816306433775,10.849159486775962
Male,Sales,High School,35974.71151850026,15328.757372047852,8.982066438585523
Male,Tech,Bachelor,42144.04920577433,34127.49491819257,9.875988385572487
Female,Sales,Bachelor,57961.172019460224,62548.867067182415,10.058798849732884
Male,Tech,Bachelor,48448.27945769134,41670.671812390545,7.59270988040549
Male,Finance,High School,39304.22328540058,63690.53798288609,11.736785945713704
Male,Tech,High School,41054.03076936532,26175.961411174398,11.3801269715814
Female,HR,High School,38136.95926894092,49277.66252055086,14.62132371933002
Male,Finance,High School,45561.26395556041,29854.50073336059,13.766049340865424
Male,Tech,Bachelor,33101.269178707415,34118.68197617247,7.94297524722961
Male,Finance,Master,32024.58737068217,28572.28010496379,12.460895123526894
Male,HR,Master,45577.97515315704,48789.34011779701,7.147139850716585
Male,Tech,Bachelor,42495.88911263504,52433.80330929005,12.08779630282255
Male,Tech,Bachelor,48666.20579714254,60962.39700644378,8.450157403719677
Male,HR,Bachelor,30580.57588514256,37859.01336239783,6.930240329873247
Male,Tech,High School,40097.06114470544,20986.22225644747,10.840136028092214
Male,Tech,Master,46618.18726177458,11804.918534406466,1.976298615537578
Female,Tech,Bachelor,31926.52154877466,8504.20988909489,4.747073276784316
Male,HR,Bachelor,36212.32160246188,40405.13738808047,9.46752434867715
Male,Tech,High School,68274.59505008478,46165.67663677512,10.247325299904528
Male,Sales,High School,36929.53410865542,33166.34850405955,8.892043689525433
Male,Finance,High School,49536.22567851779,48538.49628272018,5.261691103847204
Male,Finance,Master,36240.6730292914,58631.877199284725,7.546324473584484
Male,HR,Bachelor,43585.61993391899,44046.83472828346,11.173627981712182
Male,Tech,High School,61117.70175470215,46889.266662833965,11.745345311885089
Male,Sales,PhD,54464.91124620102,15567.329925386703,9.951330647212176
Male,Tech,High School,60399.037825829786,33310.64793222114,13.470501343110968
Male,Tech,High School,58442.68294914081,30152.937535266876,11.192191070377705
Male,Tech,High School,39563.84720596989,25989.20233193134,7.7576330381253635
Male,Tech,Bachelor,45706.17208608164,60657.226132748736,9.158493839765148
Male,Sales,Master,37931.45674212164,58493.29593511191,5.791401528376436
Male,HR,High School,68383.95930151679,26805.7949773772,9.67558302882575
Male,Tech,Master,30234.08240092772,53698.379419663615,13.336301857664017
Male,Tech,High School,34724.06395149312,41786.614004055504,12.055870254132904
Male,Finance,Master,41856.09453997379,40913.7817749827,14.206027977757364
Male,Tech,Bachelor,44785.51549309675,28871.000298810213,9.09134426860302
Male,Tech,Master,30149.416232784926,12024.362554443946,14.038299383542771
Male,Tech,High School,47081.05910513452,32402.26279629146,9.42008732065609
Male,Sales,PhD,35594.74054989174,58187.470971218485,14.414755247709682
Male,HR,Bachelor,41933.09903306518,33329.095984599335,9.934429757673628
Male,Tech,High School,36014.02579493077,37533.898699036836,12.12169412141283
Male,Tech,Master,44521.19353484816,35579.738446682204,14.425337092929569
Male,HR,High School,41322.05121276827,19563.473525993977,9.419717114256382
Male,HR,Master,43147.70125835984,17433.855164939207,10.655166962632522
Male,Tech,High School,32152.546259053062,57608.477930003624,13.866590275618908
Male,Finance,Bachelor,30126.71462602185,39600.90227785984,9.60099050820981
Male,Tech,Bachelor,49662.8260454414,53550.67195643345,6.037323152481517
Male,Tech,High School,33994.05055597603,31394.540803919645,16.42902116375473
Male,Finance,High School,30459.69856507123,41656.09645532732,8.59070660698859
Male,Tech,High School,67221.16187564269,38545.067607522484,10.47626815281263
Male,HR,High School,46168.43055351921,65108.03485365443,13.46802000835338
Female,Tech,High School,50611.922959037096,24769.397604932205,8.174518288806395
Male,Tech,Bachelor,43926.00071863718,10904.131411979573,6.976396260333609
Male,Finance,High School,32971.661279669424,46858.46659950677,10.7612118903245
Male,Tech,High School,54656.976662477726,32058.94298408915,4.620770806262831
Male,Sales,Bachelor,38725.221608912194,65345.9713693277,9.13628176939624
Male,Tech,High School,37795.51590821354,24292.599695823632,10.735115992946218
Male,Tech,Master,27926.59975455417,54450.067995602054,9.190144309524507
Male,Tech,Master,46437.20910558257,34983.90511678228,5.369647170442759
Male,HR,Bachelor,46471.76518009811,49365.46013056457,14.782533868612036
Male,Tech,Bachelor,41269.214841274006,20263.883184368882,10.310614461847528
Male,Sales,Master,50728.863739364,24552.15402326762,14.293456353285222
Male,Tech,High School,34399.954987270314,20761.334665300754,9.219891249458666
Male,Finance,High School,40090.87359746973,39192.073191772026,7.359964054927708
Male,Tech,High School,31539.534611882493,20513.27687270012,10.80754276076548
Female,Sales,Bachelor,50064.07022433791,41413.253021428674,9.35263862101534
Female,Sales,High School,35923.79818055408,53743.78196233465,6.466715626025926
Female,Sales,Bachelor,27200.853508503613,38100.03079859583,14.409352776362487
Male,Sales,PhD,28657.868650882647,5810.015824646199,8.133189331318011
Male,Sales,Master,44542.78007385865,57174.24789915178,4.479200845613295
Female,HR,Bachelor,61824.94979037438,47712.362373921,13.984498161872
Male,Tech,High School,40508.16256504292,49585.14955822372,8.48710595256213
Female,Tech,Master,34656.729660480974,19343.376616722235,8.176528322153127
Female,Finance,Bachelor,48413.56300176609,46482.88001478651,4.7038372389100775
Male,HR,High School,37681.439446175136,20952.82581537951,15.222824459790973
Male,Sales,High School,59238.36565631925,55265.01494435387,6.131558238370937
Male,Tech,Master,38176.22806699154,28565.99994719339,10.175348442116947
Male,Tech,Bachelor,36423.67918975849,12994.977518205496,12.73786096762132
Male,Tech,Master,47755.41940083136,22396.877937384703,11.265150799009293
Male,HR,Master,38151.33057585791,23500.593675669676,9.821037064023423
Male,Tech,Bachelor,33934.6053487755,51517.16855503957,4.895002425137752
Female,Tech,Bachelor,40190.125503526826,55530.60618677252,7.570825492698148
Male,Tech,High School,61304.381097506805,41694.080431626055,10.563401014127566
Male,Tech,High School,41374.89563746928,40368.17637721639,7.638477790039011
Male,Tech,High School,48408.49147271291,31641.740811864,10.610078379996304
Male,Tech,Bachelor,39775.11698359233,64698.05002052683,12.045230226445426
Female,Sales,Bachelor,46814.3634714232,5607.135948150538,12.887508657400303
Male,Tech,Master,33274.68026551551,19639.578453922455,6.32146192656195
Male,Tech,High School,29506.55116351908,42145.19135885287,16.58993816493686
Male,Tech,Bachelor,39971.466170282496,58464.69903127834,12.30243803366239
Male,Tech,Bachelor,41071.84214854908,64455.6507980197,9.994857538992807
Male,Tech,Bachelor,42429.32068574794,22953.19577550837,13.268609749229922
Male,Tech,Bachelor,30799.712085611434,1837.5544500146173,17.09622331599992
Male,HR,High School,38608.415355770456,60935.022329838335,5.683839696829391
Male,Tech,Bachelor,53064.27112873767,59964.15952696776,9.324212072525938
Male,HR,High School,38466.08380134389,46253.02855037891,2.864705020380015
Male,Sales,High School,42301.71459553069,8823.499303624463,10.577954597944077
Male,Sales,High School,28298.5476441836,33889.90389634675,11.096182725775424
Female,Tech,Bachelor,51121.94253084256,35718.067484198444,9.882513653671722
Male,Tech,PhD,38948.46145718607,57482.53028798386,8.03639928700507
Male,Tech,Bachelor,44267.00017896128,20483.689927140826,3.851456451435024
Male,Tech,Bachelor,49700.805990106615,35848.96335223709,11.120601050235306
Male,Finance,Bachelor,41556.95274082337,31391.53679084691,14.366303451745974
Male,Tech,Bachelor,38915.39649596418,22231.06459016214,8.226944632799704
Male,Tech,High School,38101.12220563796,47574.11157161824,11.320179787069437
Male,HR,High School,35316.77712732539,16754.406914702355,5.295567059739849
Male,HR,High School,35966.584446953464,37851.53454294745,11.37163919107754
Male,Tech,High School,32592.498755085137,48045.148528917984,8.819853106766029
Male,Tech,High School,35757.19430293855,32944.140236923835,7.712746148191257
Male,Tech,High School,56001.99318788784,40109.995748062836,7.718909076351609
Male,Tech,High School,46391.6206518475,1062.9308449525024,8.81916525390097
Male,Tech,PhD,32339.183626441845,52288.19958998454,11.147299947077606
Male,Tech,High School,44601.92238954194,24746.9553309123,6.063510396413447
Male,Tech,High School,45595.67318437582,8494.424833571427,8.808654005296441
Male,Tech,High School,36622.58361695873,1564.2015367510726,9.875584666002556
Male,Tech,Bachelor,56263.207828014754,35606.3042845345,6.702882326404422
Male,Tech,High School,33526.95100524994,55000.872682700545,15.389995605025051
Male,Tech,High School,44128.97647038799,70316.14215258074,7.439513559815975
Male,HR,Bachelor,39785.04124293677,21724.37829693655,7.991689259099528
Male,Sales,High School,47473.84496846188,41490.94610884658,7.065076150532507
Male,Tech,High School,43375.7857350072,10360.163439113585,15.395440261414352
Male,Tech,High School,35143.97386789825,19538.554323066,11.658715685798445
Male,Tech,High School,50661.345878007225,53634.11817793321,7.190223981269074
Male,HR,High School,31401.595069203257,10884.872545480048,13.318694676579906
Male,HR,High School,42823.5111938626,48865.92179431107,10.602096082866634
Male,Tech,Master,42939.72574607672,53802.43893191465,10.771760263334505
Male,Finance,Bachelor,53498.2562007102,38907.16374853748,8.966568373742643
Male,Tech,Bachelor,38287.706588285466,61095.41702749472,7.75175203912908
Male,Tech,High School,44149.65597213195,43664.32692194094,11.013298297163804
Male,HR,Master,39595.61436174242,32564.351547860017,8.364738310013228
Female,Sales,High School,43297.76541910147,5468.192394875302,15.450266888725311
Male,HR,High School,46287.008339852655,45187.59041080255,6.192126684270687
Male,Sales,Bachelor,40173.25627742514,28983.84872909514,14.608470318564835
Male,Tech,High School,32804.33772428006,60550.052475120894,9.666043453606598
Male,Sales,High School,41559.909094249946,35520.64219832117,10.897257202063315
Male,Tech,Bachelor,48083.7839916284,16054.285555360382,12.499473299888304
Male,Sales,Master,44446.112398068464,56330.7722112385,8.109252114986692
Male,Tech,High School,39471.20787581075,40632.292597596286,12.59274515409591
Female,Sales,Bachelor,43688.38109672928,51301.16077478205,1.877368433856468
Male,Tech,PhD,38693.83608215938,33593.42519337152,7.840031400334182
Male,HR,High School,52282.73281681607,65043.21060815526,7.227811577976803
Male,Tech,High School,43751.099107952105,35197.826482049204,6.239481962884716
Male,HR,High School,47514.86017663492,14462.403707790521,9.355135485763146
Male,Tech,High School,38031.22303605367,38104.4962647007,11.157249904545084
Male,Tech,High School,39843.40041063037,70453.0175947529,12.107979995497915
Male,Tech,Master,38863.18536651961,49128.321349323356,10.722630271601222
Male,Tech,Bachelor,39989.05056617399,13405.892947156808,8.00291960531936
Male,Sales,Bachelor,32181.22598182788,40847.17948317222,11.107049313475502
Male,Tech,High School,36818.38345178802,17631.31892457649,10.372857084552551
Female,Finance,Master,45149.79263692994,27542.867656858853,12.808168503808048
Male,Tech,PhD,59184.51464854463,28157.96824353701,12.33081010879455
Male,Tech,Master,35327.97260171538,37087.94980165385,10.091429241761888
Male,Sales,High School,53579.80033486741,28921.759157001557,7.30824098151623
Male,HR,Bachelor,33201.75528393389,32456.744121732427,8.041149532503757
Male,Tech,High School,34057.06531575244,50193.43244734102,8.350631921085899
Male,Tech,High School,38465.59973450624,58794.21736407982,9.054200998251233
Male,HR,High School,35095.5628401413,41797.43548115966,10.80415128276926
Male,Tech,Bachelor,34650.48016133496,14092.363205434995,12.145523170384177
Male,Finance,Bachelor,42758.25017557775,35936.16258667112,9.846643920953866
Male,Finance,High School,35901.08045837046,28120.039621055024,10.048374363701416
Male,HR,High School,33449.33267864113,31388.722969054477,10.42991891500001
Male,Tech,High School,40713.36514804089,28493.618998296486,8.452284060602981
Male,HR,High School,52524.07864040303,30342.183461745866,7.223823227071132
Male,Tech,High School,43199.085050292175,20231.18473684343,4.73368630806787
Male,Tech,High School,38914.996162747455,44425.40045798675,7.914551925769382
Male,Tech,Bachelor,44378.49442755354,59750.94026803258,11.41943635980336
Male,Tech,High School,32390.083657639843,44443.22823217055,7.891265685881297
Male,Sales,High School,28768.45963086768,29709.649308656786,9.28657888772218
Male,HR,High School,30429.25835524972,37504.10687147863,11.39929386223695
Male,HR,Master,36284.84892426263,46592.83744504703,11.562068489268006
Male,Tech,Bachelor,50893.66318777848,52244.22776000454,6.761401443501883
Male,Tech,Bachelor,45292.60901484093,40856.17697842842,12.991178069360924
Male,Tech,High School,49089.16822380047,18500.920357220908,13.382050268066456
Male,Finance,Bachelor,40677.48733183377,57585.863534633885,6.61045042834432
Male,Tech,High School,49502.64807325068,41367.330781175486,7.528489391076538
Male,Sales,Bachelor,37363.16153342034,27487.9160135321,13.573272049438575
Male,Tech,Master,48451.60298008798,17432.20362739688,9.559439436234095
Male,Tech,Bachelor,58666.59886452221,37464.73806572864,3.3406661576444474
Male,HR,Master,44030.28521694049,37648.770501945924,5.800955485801941
Male,Tech,Bachelor,33511.55226125507,38769.78282455712,9.251891124482556
Male,Sales,High School,46057.65754915404,70498.4731268542,6.510872049146195
Male,Finance,Master,31379.58620392175,20228.271685855576,8.759728688090675
Male,Tech,High School,32375.004186677525,42237.21826990557,10.097188641050735
Female,Tech,Bachelor,34612.11005804602,25833.849931883025,14.386763812104189
Male,Tech,High School,53393.69345570126,51730.30675101301,9.128638251316634
Male,Finance,High School,44358.67946923244,38805.13586620435,13.217625398718276
Male,Tech,High School,50907.514617764966,35401.52498895505,14.28628048611031
Male,HR,High School,37880.1728798361,50644.47190757447,14.302929008056228
Male,HR,High School,54068.443205831005,50454.30223862518,10.854263780156703
Female,HR,Bachelor,36998.78861640373,62489.99426271782,4.1101325564830775
Male,Tech,High School,61580.12056849024,64732.763726877085,11.382474596211596
Female,HR,High School,44176.55326690362,4792.177071338402,13.145199663440623
Female,Finance,Bachelor,46657.26746466136,21774.22891682928,9.756798683693749
Male,Tech,High School,39112.06594378799,37653.00661447239,15.233751610225744
Male,Tech,Bachelor,31685.304375287244,48738.51499336448,12.579500684402372
Male,Finance,Bachelor,60652.8507800791,25589.046939182397,11.704820131458352
Male,Tech,Master,35006.47156117821,50637.078567080825,13.259142133617514
Male,Sales,Bachelor,48249.63619794277,58359.35712874672,11.000109553782634
Male,Tech,High School,49448.38779679046,53739.55816186803,2.52156850181394
Male,Tech,Bachelor,58364.28700642071,62820.29710626562,8.502583145588904
Male,Sales,High School,30924.928315057925,1014.2718797552891,13.591504081743562
Male,Tech,High School,45838.261603392304,43507.313997363955,7.577225979705112
Male,Tech,Bachelor,51618.96995996428,44508.52154385383,9.329582484289183
Male,Tech,High School,42872.606854392936,14464.006123511517,6.865491058290786
Male,Tech,Bachelor,40700.43424455032,62773.97030321951,15.351767785605308
Male,Tech,Master,49652.12280713924,22862.4843833175,15.044477372254049
Male,Tech,Master,53913.64896165683,61403.905983487224,7.348393314577812
Male,Finance,Master,35388.60510338173,22787.68660919477,10.441894001167253
Male,Tech,High School,42915.2042999554,43118.979788436365,7.958517856707857
Male,HR,High School,60841.85454263623,48232.24816611332,11.844833917094135
Male,Tech,Bachelor,38107.21393231795,27398.509890855392,11.529049231726988
Male,Sales,High School,35685.48259924458,31058.824076258716,12.435116714839795
Male,Tech,Bachelor,34871.7261324468,71029.69212933634,10.995755343123662
Male,Finance,Bachelor,52643.59582649476,20199.889446125017,18.806218619165406
Male,Tech,Bachelor,40734.03232742689,36468.641081428024,6.916228704967783
Female,Tech,High School,35125.39824783275,43878.79363558226,4.868189936690458
Male,Tech,High School,37692.87909697536,38782.98069170936,8.820729397895615
Male,Tech,High School,31129.60387224188,64044.45391659945,5.296035203319198
Male,Tech,High School,38581.38224974962,39534.57092925359,5.522613189982021
Male,Tech,Master,69240.40990648221,10483.703474229873,6.996056037406099
Female,Sales,High School,34697.9353847206,49496.269164265184,7.233433283705118
Male,Tech,High School,30352.47347075916,55516.14490897817,7.136145694149819
Male,Tech,High School,46913.14091762735,24317.696587937415,11.554656851336237
Male,HR,Bachelor,37898.740868206274,30978.772358808874,8.481432816743991
Male,HR,Bachelor,35252.0714801307,54088.82690797285,9.46145627538256
Male,Tech,High School,55326.92435641989,24363.225511257708,12.682698323502803
Female,Tech,High School,53969.40713939038,59257.22023168688,7.701032425655721
Male,Tech,High School,35082.47044808852,46398.946409074626,9.206362303885834
Male,HR,High School,32920.33723460482,53346.089646268236,11.097279958278747
Male,HR,Bachelor,32136.93090241968,42642.315491388574,4.175296598139337
Male,Tech,Bachelor,39679.997268397485,45806.950003778125,2.8452834731482533
Male,Sales,High School,33065.2438602424,14590.323766364367,11.038351986393169
Male,Sales,High School,38269.87048041822,19418.321614433313,11.476042841700696
Female,Tech,PhD,46461.09161425699,39444.58187469039,16.19266040455723
Male,Sales,High School,39261.05977885764,38940.90651464618,10.47428462760043
Male,Tech,Bachelor,39876.806045854886,20484.414314106165,12.459219151774285
Female,Tech,High School,42021.4168376696,39318.10230134853,9.41358206924208
Female,Tech,High School,42150.20997611799,33123.34721971463,10.89168166475526
Male,Tech,High School,38197.85873433976,40868.21181406022,15.001770525248602
Male,Tech,Bachelor,34115.59407416431,26998.732821466794,3.6280215456230938
Male,Finance,PhD,42270.38078080409,51181.79166294792,11.240848772715042
Male,Tech,High School,31957.474485891857,20760.139784443152,16.4067601902321
Male,Tech,High School,38732.82009736983,53119.21521169735,10.846102657628029
Male,Tech,High School,36715.89459886384,27107.40281630471,14.951718889698544
Male,Finance,High School,33757.638551800526,27219.141235386174,8.112363551411672
Male,Tech,High School,31577.287363985703,75106.90427949761,9.90385751750886
Male,Tech,High School,41885.75053663115,28459.022398712597,10.100574107165762
Male,Tech,Bachelor,33805.63683541062,40918.20361470829,3.347226761923688
Male,Tech,High School,54247.89129525437,58278.57397817987,6.495466516449399
Male,Finance,High School,39974.16228286188,4569.323160412063,6.709374761848042
Male,Finance,Master,33548.12234931923,28703.651670571926,12.466198234097584
Male,Tech,High School,36556.71159858921,60230.85678897537,12.616459317052165
Male,Finance,PhD,35438.00504702245,21085.905670354296,10.9721093281196
Male,HR,High School,34019.79602914644,24631.16390758749,12.472308690567118
Male,Sales,Master,37027.4682974802,441.1526258036527,9.507551761834678
Male,Tech,Bachelor,42828.293510902295,45506.68995107056,13.60579500861863
Male,Tech,Master,40185.72080732064,47665.799894540316,10.026365327896215
Male,Tech,PhD,49514.54934589098,11630.118140959936,10.173592142280269
Male,HR,High School,47302.71843091931,21226.41922442705,9.203222100212766
Male,Tech,PhD,36578.67746015612,1948.1201325425725,12.053351432909285
Male,Tech,High School,36074.35145961488,47572.81883393887,8.73640355016126
Male,Tech,High School,41020.43838968664,34691.186366404334,12.929294131594204
Male,HR,High School,50666.547304610576,30180.70223613565,6.60355257785198
Male,Tech,Bachelor,36537.61155426459,9835.486543994602,6.703251235815419
Male,HR,High School,34653.10868908257,55713.214089628564,12.062280265379512
Male,Finance,Bachelor,39756.0318731876,61073.16469129458,9.734367356250962
Female,Tech,Bachelor,38935.40065817051,59965.24547768084,8.638325751540615
Male,HR,Bachelor,35780.339076444914,57037.67303282073,12.67017319742638
Male,Tech,Master,44190.695419685566,52948.76697909171,8.178215757741746
Male,Sales,High School,30457.48554102829,58699.32225815048,9.399396237098893
Female,Tech,High School,43149.26332353065,21000.0507601206,14.197683850213478
Female,HR,High School,38308.97287150562,59404.20164074276,14.617427037431952
Male,Sales,High School,56338.49248220661,9230.660002542303,14.71719463081098
Male,Finance,High School,36850.31675585256,6882.880910393472,9.153622669198269
Male,HR,High School,32977.93919071146,32339.304174006968,13.69210871495341
Male,Tech,High School,30671.35548690054,44118.474177092445,7.153141516693966
Male,HR,PhD,67806.53585712158,62693.65123401248,7.279291375833817
Male,Sales,Bachelor,33404.09817908406,18953.98741988493,2.9486324421269163
Female,Tech,High School,44748.06828581513,28989.586464266704,15.01860460569559
Male,Tech,Bachelor,32757.39231413976,46394.84158912342,7.408060452771766
Male,Finance,High School,55744.86917158922,13814.815766976113,9.62040226075882
Male,HR,High School,31151.18401454757,44832.723118568625,7.269026974215148
Male,HR,Bachelor,45371.9287258656,36196.674950446606,12.08549574499042
Male,Tech,High School,44640.29811355411,24871.153824142664,8.873099017847979
Male,HR,High School,36992.03295190804,47140.33170729466,6.085549328701152
Male,Tech,PhD,33226.19191661136,38827.033911993174,11.324987692558182
Male,HR,Master,38858.8960126161,7098.584355404796,5.698809925569314
Male,Tech,Bachelor,54674.95505075751,38368.23890789865,7.487782824053526
Male,HR,Bachelor,34648.949004729155,36155.51026050842,3.679332656121757
Female,Finance,Bachelor,55464.60175882383,39060.510814857575,5.728125663407179
Male,Tech,High School,39475.35781732396,49402.614179099466,10.535587509161434
Male,Finance,High School,36623.73881684805,17348.319986609993,4.106391885691226
Male,Tech,High School,35318.87556808823,30093.814906775104,5.5565628261348525
Male,Sales,High School,35284.085229533994,33455.318686058854,9.992893251601576
Female,Sales,Bachelor,60538.82026461828,52968.845218411385,8.369179311720842
Male,Tech,High School,34759.36189240577,56567.14707116656,15.976109907877929
Female,HR,PhD,43016.39163488168,54192.57334693093,15.501689638073127
Male,Sales,Master,30796.82309262856,35908.71395008262,7.396232611746539
Male,Tech,Bachelor,50700.84938407871,56514.85377468751,11.671412855210445
Male,Tech,Bachelor,31782.349978122027,64571.512375431674,12.247847670638354
Female,HR,Master,57183.57982310992,44849.7524053422,8.20756342592679
Male,Sales,High School,46855.05011881864,59438.846709085956,5.513375390505388
Male,Sales,Bachelor,30197.73348681328,33151.37795593535,9.963104652075828
Female,Sales,High School,45964.9496174777,29893.218105010597,9.481462975557667
Male,Tech,Bachelor,34752.539580051765,21683.515587306894,8.692706509088142
Male,Sales,High School,55733.51265029247,30039.869954936003,11.326950604493456
Male,Tech,Master,44586.68340245864,22849.76871561153,7.747811178983204
Male,Tech,Master,54873.40535006971,35282.724675687954,6.54400735726257
Male,Tech,High School,36213.369051263566,42392.604429367384,10.327248911049496
Male,Tech,High School,35080.60624199572,9006.465504040272,11.157910277706629
Female,Tech,PhD,35068.62948796639,57317.82152457333,6.470065168299841
Male,Tech,High School,60267.5681039627,53640.96221112836,12.784271832973245
Male,HR,Master,54835.16824032947,28876.144075560875,4.688556586671766
Female,Tech,Bachelor,61671.670440441325,15762.353501255362,8.26565962385307
Male,Tech,High School,32836.99004999241,40167.10355388768,9.225974391407172
Male,Tech,High School,33495.4488468288,31416.980247107756,8.091328862044211
Male,Tech,High School,53696.135780639735,53859.18621098073,8.304818579346422
Male,Tech,Bachelor,53505.11749614531,30795.488972020616,15.613223446924342
Male,Tech,High School,49477.164395723245,70081.72365537207,7.447347732883304
Male,HR,Bachelor,35636.691391618624,25206.97735816939,17.32366516741574
Male,HR,High School,45141.67334293686,39495.13800714493,11.311380339193157
Male,HR,Bachelor,37160.99399285125,3212.48076301541,10.276165411935976
Male,Tech,Master,43187.57189982537,46576.58263857429,11.428721060162998
Female,Tech,PhD,39296.67225843128,44996.0203347609,17.589783247755857
Female,Sales,High School,40185.76612780013,41214.221710765916,7.019220988205656
Male,Tech,Master,38966.30552873582,2544.951223688157,6.638746243190832
Male,Tech,Bachelor,43174.78091006721,2817.2755115721816,7.735401410284237
Male,Tech,Bachelor,44556.247116652485,44702.02348042546,10.096429440893685
Male,Tech,PhD,31639.21051574227,51932.435744010545,4.82268662556228
Male,Tech,High School,47633.18178969561,18740.361657314785,10.067017717955824
Male,Tech,High School,37885.56455504256,3057.482006937555,15.080641400241015
Female,Tech,Master,42798.633186535066,23397.99808027822,10.454222171874331
Male,Tech,High School,32558.086897775385,26845.187286202032,9.12194362307417
Female,HR,Master,46527.46089005248,56313.44490936047,8.145518653949118
Male,Sales,Master,32605.533676488205,61064.6442968555,12.695535113654692
Male,Sales,High School,38603.22933630244,38397.355023690856,7.522501680285857
Male,HR,Master,36043.99719781171,27761.673661363242,15.539187761797743
Female,Finance,High School,46462.84028729291,37926.902628020056,15.80007924314307
Male,Tech,Bachelor,39847.86146804904,23947.18595114328,10.770252395985365
Male,Tech,Bachelor,35543.67337681253,63760.56588169884,9.965454735770065
Male,Tech,Master,35681.482751491945,13871.406833058069,13.09197942472468
Male,HR,High School,42039.45245362603,51855.483516314525,13.284395506681976
Male,Sales,High School,40766.09138204107,66454.30458436291,7.582024806821753
Female,Tech,Bachelor,38191.236593164125,53716.94001775592,8.420334600589895
Male,Finance,Bachelor,49829.98159481689,43981.182228364174,6.032957695950113
Male,Tech,Bachelor,41587.1574257984,654.1310627561177,11.227194815002171
Male,Finance,High School,37077.14501188986,19167.63397896172,11.999883650370672
Female,Tech,High School,62787.92594033365,20131.85629047311,5.950223086416181
Male,Tech,High School,40930.13860596485,48866.463373455204,8.634403285551523
Male,Tech,Master,31567.12497112121,33981.77026889224,5.958238247255952
Male,Tech,High School,41798.556221121326,30223.100096690647,7.303600569268488
Male,Tech,High School,42559.92845554405,23663.128785137273,11.6530511806789
Male,Tech,PhD,39604.28429946594,47373.11618773623,7.799553799965162
Male,Sales,High School,32073.498383085745,40186.8392618882,9.097522131903103
Male,Tech,PhD,33088.949923572574,29203.854841785153,5.1180648161580535
Male,Tech,Bachelor,62956.54566800292,20029.543093604523,10.560970629173992
Female,HR,Master,61390.63520234845,22174.021763614706,9.867180040466051
Female,HR,High School,41809.76610112017,28957.287479606384,7.8131222499005135
Male,Tech,High School,35502.37856392169,37333.17875851535,9.432957106952578
Male,Tech,Bachelor,71103.68211949506,32431.543674990116,10.540884641510331
Female,Tech,Master,36658.3075555042,36662.675365029856,7.555395553271968
Male,Tech,Bachelor,41132.386112220775,36781.465422663736,5.5712123679946615
Male,HR,High School,50479.736750822965,12158.120593600863,15.416723298060448
Male,Tech,Bachelor,35533.15705637989,42625.28156321674,8.100181885869182
Male,Tech,Bachelor,36984.41753760269,36774.36896920115,9.709719690439332
Female,HR,Bachelor,33142.470212298875,33154.03764868651,13.03251920506094
Male,Tech,Bachelor,60930.373062097504,19713.305536060427,20.58716556271145
Male,Tech,Master,40271.96542385843,46986.55418998827,6.266540650333403
Male,Tech,Bachelor,30367.113375397385,67195.99655618884,11.34948164117953
Male,Finance,High School,36999.53981991886,24089.06748333965,7.877343144117681
Male,Tech,High School,90096.27940810435,57752.45137139229,8.383629086269867
Male,Sales,High School,59026.7396343544,15991.79178951635,7.83936393697963
Male,Tech,High School,56802.59379852805,20898.143712974284,6.623035096598246
Male,Tech,High School,33649.499451609794,37223.77567301455,9.876125914646016
Male,HR,High School,34855.177539082695,44222.67635247274,5.576491938855293
Male,Finance,High School,31509.33390307036,47432.38974094889,12.840422699535612
Male,HR,High School,36526.08618112388,36033.30114783112,10.165008808100124
Male,Sales,Master,36013.894960192345,26983.24778682253,11.26730491870432
Male,Sales,Master,33511.28129137358,42805.92949442215,8.601434164161331
Male,Tech,High School,50234.51635687242,34315.54689502379,8.898388197364755
Male,Tech,PhD,40722.167803193726,27840.200167407966,10.862691715501985
Male,HR,Bachelor,34233.652305800024,43955.18006772951,6.507848102782523
Male,Tech,High School,48966.665179211166,33232.681882622644,8.926028696759992
Male,Sales,High School,35842.19824158917,61234.257383883734,7.421159458364638
Male,Finance,Bachelor,47663.982837468415,35761.72893657012,7.328293568226957
Male,Tech,Bachelor,40102.54004715458,40107.77249131479,3.670485278123076
Male,Tech,Bachelor,35676.2944655473,19124.21223522568,14.01797976844
Male,Sales,High School,39403.23722313306,37101.29987807161,7.940383740538693
Male,Tech,High School,40051.28418677625,59027.931256886746,13.49012816549065
Male,Sales,High School,37994.22047003343,21185.909109166485,13.206376964182876
Male,Tech,High School,57454.43465485038,49812.02337468977,6.142000880450519
Male,HR,High School,32750.891931283084,28219.6850993301,6.734766292981463
Male,Tech,High School,40798.44360450897,57496.313136160956,17.68150887806705
Female,HR,Master,32881.03560609835,20558.038799395697,15.25277782578143
Male,Tech,Master,49252.92877791698,17191.844752110745,9.905444460015689
Male,Tech,High School,37959.53218080463,15708.424086100835,10.772119319252049
Male,Tech,Master,41454.30276347864,51359.40762533378,8.107460791158434
Male,HR,High School,33423.02664276843,42766.236096923094,11.29705814260102
Male,Sales,High School,33363.39853617483,17716.35875440378,7.8484542978325855
Male,Tech,High School,30977.423028188467,37216.39019672547,3.902938707104848
Female,Tech,Bachelor,33262.75234828999,47022.30193957413,6.035332640466847
Male,Tech,PhD,30301.4748279774,41836.898156045754,10.063278243551762
Female,HR,Bachelor,33894.99664596007,54180.003363301716,6.606798293492237
Male,HR,High School,51794.018161730215,17032.531251764754,9.798167605259396
Male,Tech,Bachelor,44965.48557500194,55211.77730492947,6.776016881701411
Male,Tech,High School,43974.91488902685,21764.749891593437,7.652938232494019
Female,Tech,Master,34518.50950446871,7126.736573960956,12.559495919239575
Male,Tech,Bachelor,41947.76624605087,15440.71719406492,10.742441642920314
Male,Tech,High School,45393.999824754064,17561.221075436515,9.97100673605996
Male,Finance,Bachelor,43165.16878284907,37133.370095369435,12.636891919211951
Male,Tech,Bachelor,52560.00869976058,43450.75682543399,11.44182578004204
Male,HR,High School,37149.79200675699,71425.41198391042,14.339689873754104
Male,Tech,Bachelor,35415.38635083891,17242.657658324333,8.62042221305458
Male,Tech,High School,54991.77340655052,32135.429412656642,8.711095064417474
Male,HR,Bachelor,37010.95215471095,12713.899852192379,6.096672200825964
Male,HR,Master,45440.27799127151,34437.17247991787,8.713057847882741
Male,Finance,Master,35126.52854540717,50664.476362682195,12.894309682907338
Male,Tech,Bachelor,38668.50081171363,60141.592032016815,13.8999621167864
Male,Tech,Bachelor,36411.02774210525,41746.33688464524,12.880915504260004
Male,HR,High School,34221.46946462759,12592.370315401307,4.617424400351691
Male,Tech,Bachelor,45766.52373279983,28973.066956575556,13.249435637982202
Male,Tech,High School,32074.241192152025,37276.507279734964,4.484444130183788
Male,Tech,High School,74005.28111895426,16215.049266766964,12.69435197236704
Male,Tech,High School,33207.43504374035,55920.10876741107,8.896646420286835
Male,Sales,High School,56244.74745202372,38732.86807050953,12.107599941801569
Male,Tech,Bachelor,48769.246448181526,53949.81500407137,6.002654956316302
Male,Tech,High School,40358.02627700054,21017.55360498189,13.51350289811844
Male,Tech,Bachelor,40225.21095481554,30585.014441232022,5.605075761685333
Male,Tech,High School,53553.38027286192,30909.94908747556,7.994635267440467
Male,Tech,High School,45029.75841259099,52377.34739140219,7.005716116692894
Male,Tech,Bachelor,55167.84391290744,15907.761630713072,4.737145441532503
Male,Tech,High School,43774.75470929399,55790.517954717296,10.283582702765406
Male,Sales,High School,33888.18960416248,27621.312544696768,15.418267353510885
Male,Tech,Bachelor,48616.70091888397,64199.457483609185,18.000715666960026
Male,Tech,High School,46233.811289436446,52968.41437789679,10.291467361258745
Male,Sales,Master,43398.335003250606,54203.14611599485,13.350043825202569
Male,HR,High School,36261.95294162251,20057.367854067477,10.696283913785612
Male,Tech,High School,37821.69194926132,58108.1499983337,11.496649584304638
Male,Tech,Bachelor,44622.176115858696,43715.687084061516,8.973554046618283
Male,Tech,High School,47347.38508467061,32147.913817894594,10.585230776267808
Female,HR,High School,33321.57599733396,52755.16778039822,11.612436113819284
Male,Finance,High School,35725.68231588343,25992.79671897164,8.264620813371007
Male,HR,High School,41333.21929916493,28127.7100943501,9.767517100321037
Male,Tech,Master,54165.60936485311,49265.37403262961,9.824709643007536
Male,HR,High School,35957.11558327467,15345.515199034618,12.479209951991574
Male,Tech,Bachelor,59134.3084326152,17658.865772777906,6.801903485116958
Male,Tech,Master,32669.60050363945,60212.60409306557,9.845373374177044
Male,Tech,High School,49904.110175998176,24750.76687509211,15.736016407158091
Male,Finance,Master,59790.60404953003,10609.526076185117,13.492180457757811
Male,Tech,High School,44133.45278185788,15324.859821644683,14.047537146666116
Male,HR,PhD,31864.37428083748,20034.575466447684,10.073295520534105
Male,Tech,High School,49617.12004409867,22839.65591619089,10.96299269105807
Male,Tech,Bachelor,40471.5535889633,62209.959354952836,13.006708500108775
Male,Tech,High School,38959.65863380515,48354.04991725918,14.680766588592792
Male,Tech,High School,31415.6128006459,5235.448021400201,4.14519126135134
Male,Sales,Bachelor,35974.34806701027,25286.000526066404,6.053676078850463
Male,Tech,Bachelor,51439.29453370771,36631.1039156659,13.928332304207943
Male,HR,High School,45637.47377175238,62213.97222061143,9.16933193269359
Male,Sales,High School,32632.484213989585,55097.42190910911,7.984837632225767
Male,Finance,Bachelor,54337.60321599985,48100.85287003516,6.237517039013189
Male,Tech,Bachelor,47436.87498693736,12266.295804530888,8.334949895367672
Male,Tech,PhD,31005.893313985413,58390.03855629973,5.792892149728526
Male,Tech,Bachelor,30575.4152476119,60988.136408132785,16.27328281819743
Male,Finance,PhD,43998.07092966032,57639.41051409763,9.93269184405828
Male,Finance,Bachelor,64839.463689544966,3925.5775253079632,9.826148374711847
Male,Tech,High School,50111.82728408572,6333.199022284086,11.764230025503496
Male,Sales,High School,38283.56440286469,37934.94779540053,12.887035507799707
Male,Tech,Bachelor,28126.66463890072,64476.81047359382,12.837664469663917
Male,HR,Bachelor,32046.27942104516,42946.824181950404,13.220865831722715
Male,Tech,High School,47290.16569438894,34031.00540139556,8.10746334762743
Male,Sales,High School,31198.914489076324,60705.172621400605,9.106399585129417
Male,Tech,PhD,30745.850397174727,40602.99683034254,12.307094966326826
Male,Sales,Bachelor,49012.03165029647,439.1973484925588,8.417832815081141
Male,Sales,High School,37440.60302265338,34526.41530983565,9.984680103918324
Male,HR,High School,31779.040818634658,36056.00830207464,11.196291293274443
Male,Tech,High School,59763.90445344841,51383.31542189784,12.355555246931129
Male,Tech,High School,42888.299202310445,47766.73573317726,4.6669571128893965
Male,Tech,High School,36146.40213086443,12732.109844877501,12.144236949666835
Male,Tech,High School,58880.21849531189,52331.6415956564,9.298827826444825
Male,Tech,Bachelor,36266.75350075895,34209.99786463989,12.122373132593143
Male,Finance,High School,49048.36770864659,18228.230050260034,12.330795077064488
Male,Tech,Master,33217.90738092707,24891.43504401446,14.823745183357472
Male,Tech,Master,54034.51303602023,36571.859558058175,14.06036094286361
Male,Tech,High School,45430.99201351025,30665.13480447687,14.039714987830887
Male,Tech,Bachelor,36086.522628505016,62258.82628074459,14.331010957498716
Male,HR,High School,31363.79454208548,13940.746933530982,10.874136954447838
Female,Tech,Master,47690.37329674487,36843.02469134397,10.096555261110518
Male,Finance,High School,50681.7914978047,64773.146929805385,12.618451249535005
Male,Tech,Bachelor,50556.227301915234,47770.34102918424,12.196242854299069
Male,Finance,Bachelor,38828.55792696599,63206.28993400617,9.07280128978522
Male,Sales,High School,44634.00857412384,46617.93316987871,11.214470226424805
Male,Tech,High School,53394.7590027968,4421.330623149811,9.894710599646215
Male,Finance,Bachelor,71232.43265701024,7972.385497755469,7.438201274619832
Male,Tech,Bachelor,37506.48268679509,56076.29901292842,13.87138222412905
Male,Sales,High School,38103.55813310242,51665.372750929004,10.165597727590267
Male,Tech,Bachelor,51153.32759295602,59849.830622496775,16.146124773096552
Male,Sales,High School,39037.86746128289,33418.66073582259,5.123523189400502
Male,Sales,Bachelor,38904.7502093403,43110.40424045667,8.329663681469901
Male,Sales,High School,48392.16345343442,14653.616067975845,10.097916510072617
Male,Sales,Master,58919.85053654909,4922.404764244377,13.412143292886745
Female,Tech,High School,36273.87657028121,21037.405214071525,11.198408117806554
Male,Tech,High School,31676.26331428299,22981.335177308763,10.931418262542254
Male,Tech,High School,36317.07381012957,52734.50493980426,6.618208622337559
Female,Tech,High School,35223.24198588764,15217.47799989686,6.529175808311586
Male,HR,Bachelor,31711.27278421281,59904.08070033195,10.967513980869716
Male,Tech,High School,65852.75718003928,26359.109748656287,5.907682018544925
Male,Finance,Master,41938.5226454758,19741.098985009325,8.404366749132015
Male,HR,High School,35050.70935686026,37158.447236029,11.502751987257572
Male,Sales,High School,48898.76971525145,37772.03856697722,7.0530271831696725
Female,Tech,High School,29672.326384728487,30162.03499888039,14.81606788708542
Male,Sales,High School,38097.75423938161,4352.526470783596,13.671809032713671
Male,Finance,High School,34341.16640217416,7287.437791144931,5.285740004985099
Male,Tech,High School,32213.64597373221,43942.99739096557,7.202886270454039
Male,HR,High School,44402.605017744376,15445.544351931752,3.14266826651515
Male,Sales,High School,34111.98871020744,51527.230030348386,7.6522259123556
Male,Tech,Bachelor,39413.43079665485,47559.82280905811,12.2991654297172
Male,Tech,Bachelor,33486.02506720048,10213.556180767613,8.75831517317543
Male,Tech,High School,41166.10756952149,45034.56477030477,11.382391730847903
Male,Tech,High School,33793.79580390536,33937.354997416434,5.432997045154767
Male,Tech,PhD,42057.66083364695,32520.599324343046,12.393925763745717
Male,Tech,Bachelor,61216.0774867463,24025.93244032433,8.33467231621495
Male,Tech,Bachelor,48345.66176497913,7315.934974438616,10.036509046848716
Male,Tech,High School,30817.76078082008,54354.047482357506,9.721376495820842
Male,Finance,Bachelor,36194.93717518141,20123.051699059142,6.185354437323149
Male,Tech,Bachelor,48456.610936263125,60308.354244310794,6.540747004780653
Male,Finance,Bachelor,51574.58649376877,40970.30446889893,12.903383407010278
Male,Tech,PhD,40318.275253792206,53927.30308095909,11.196976472505089
Male,Tech,High School,33619.7691770601,47278.38446562685,13.15014712466028
Male,Tech,High School,41407.14545995804,47627.06395975514,10.973974706507557
Male,Tech,Bachelor,54372.9440855079,20808.020327188133,10.42897190442765
Female,Tech,Master,42479.79499771647,19705.847319033703,4.8219681439997
Male,HR,High School,36109.43658976522,36112.62425425544,9.18889990971649
Male,Tech,High School,33720.23422156487,69320.46941821853,9.917847038788768
Male,HR,High School,46506.93275513724,44168.76164611261,15.859321594817722
Male,HR,High School,36259.50894172487,43066.31841020595,12.060869896296031
Male,Tech,Bachelor,35857.43495722153,50286.28962366933,14.608183545128586
Male,Tech,Bachelor,34551.304395051535,28394.429341423693,11.792613117684184
Male,Sales,High School,32813.13827614789,51174.40592800721,7.866090319151562
Male,Tech,High School,37425.16669942127,13364.362128647657,10.351372648449551
Male,Tech,High School,54084.47680885066,35430.59030373529,10.708670938792698
Female,Finance,High School,33855.34896533301,56206.47408945065,7.182533290687955
Male,Tech,Bachelor,56475.93814964998,57744.84954692166,8.846837870221236
Female,HR,PhD,30718.30826473576,16405.051704043835,9.382699018968484
Male,Finance,Master,31587.19681838176,58052.16841660903,14.816859497695354
Male,Tech,High School,41912.40611810871,48681.5099111304,3.757778423827065
Female,Tech,Master,48091.7144810613,20994.43184405502,13.61745526214813
Male,Tech,Bachelor,54359.134522102046,62530.1282033151,7.189614295121851
Male,Tech,Bachelor,30724.939073014128,39935.881559565394,5.883762438191158
Male,Tech,High School,54140.09638758957,13832.288105705251,13.539826390115392
Male,HR,High School,41606.52225300935,64600.623913743664,12.195694207703143
Male,Tech,High School,57304.45684947331,55061.91448402688,13.76355610714357
Male,Tech,High School,41027.65629805109,54892.41674422548,12.40210584263673
Male,Finance,High School,35258.190445225104,23388.40510806283,16.179535005212205
Male,Sales,High School,32913.31606302898,42961.90409616388,11.676171510833456
Male,HR,High School,34165.581839561404,19664.064373871475,9.530567871630524
Male,Tech,Bachelor,48864.37915154485,22473.46945044682,11.028779131964027
Male,HR,High School,31052.847394031844,59540.26232940962,13.730407385037893
Male,Tech,High School,56854.09706666438,67303.34472659581,7.6618740242196495
Male,Tech,PhD,49527.86133028164,24958.193659640914,8.044334252405857
Male,Tech,Master,30816.86089175272,28074.852654456958,9.073119956206275
Male,Sales,Bachelor,34292.099179915094,4508.233172407881,3.6862516037040014
Male,Tech,PhD,29561.636390712105,65043.59815887599,10.41423522525264
Male,Tech,Bachelor,48312.92721107366,36162.81565571064,4.341613888146922
Male,Tech,PhD,57420.43354111445,61578.913613948505,10.159177938797855
Male,Tech,High School,31564.97071211789,35836.74827040246,12.59586926840575
Male,Sales,High School,58774.106375804855,9272.239962333508,8.569370618068493
Male,HR,High School,43459.31171002938,35548.86259889742,15.031347610560612
Male,Sales,High School,31579.225201670943,18378.24566437524,5.6184973017445365
Male,Tech,High School,36593.60129479793,10662.512242596968,13.573782044895498
Male,Tech,Bachelor,41050.9989938966,58268.00760415398,12.025411169220762
Male,Tech,Bachelor,47556.47709176,45315.43514982669,4.851900255067933
Male,Tech,Bachelor,46437.12512483735,26354.475628802455,18.1323828971216
Male,Tech,High School,37829.273422994265,23790.001334357425,9.8087641434881
Female,Sales,Master,32130.38729744933,33080.87102157599,7.367547933533105
Male,Tech,Bachelor,38762.573846183805,56773.129089384754,5.7787384156479495
Male,Tech,High School,42789.93073801547,24547.298431112013,9.339945917020978
Female,Tech,Bachelor,41607.18775122412,44016.62006360488,9.61777938283012
Male,Tech,High School,56635.9741778505,47163.61513725796,10.307936585618991
Male,Tech,High School,47302.14963657988,62376.557035417936,9.10661153132812
Male,Finance,Master,40983.21693644095,42574.347165174055,11.89967593034528
Male,Sales,High School,35757.230402639114,60778.88594514346,8.837110502010262
Male,Finance,High School,49740.032277754464,19421.92960217303,4.1951076482785865
Male,Tech,Master,40568.02108481473,56956.09981551596,9.551915513051076
Male,Tech,Bachelor,36426.46990841714,23598.9604417006,2.8975670398801654
Male,Tech,High School,57562.014694556776,56155.59037662971,11.06131189267417
Male,Tech,High School,45629.75805338418,39094.531703559995,7.062099309152094
Male,Sales,High School,35386.27629087177,2317.2178651585364,10.490081064747402
Male,Tech,Bachelor,32163.91974622717,59355.70479140203,13.942224944573812
Male,Tech,High School,50336.41700295755,20010.33511242788,7.153753914196
Male,Tech,High School,38238.05631937618,58978.76108149136,13.183768775536354
Male,Tech,PhD,33197.144799908834,37823.726378775114,8.69983129994154
Male,HR,Bachelor,33261.81658858192,14554.628879519567,15.259584406196756
Male,Tech,High School,44101.555375835815,43573.8547693993,8.90454216040536
Male,Tech,Bachelor,44973.73239978817,13166.474326468004,7.478521043479926
Male,Tech,Bachelor,53155.90538342262,31160.43640268705,12.061715351185866
Male,Tech,High School,38124.37097091915,18488.98022386693,8.692630811129092
Male,Sales,High School,39341.87701415404,44696.76082984991,7.475651457612974
Male,Sales,Master,38761.10584332513,56572.76031149733,8.566480447888626
Male,Finance,High School,35033.92863735721,59538.81677713109,9.866180403450995
Male,Sales,Bachelor,31621.356414026053,43094.84559550716,14.026540393734562
Male,Tech,High School,39404.612105585016,39937.00459210412,4.197736763621268
Male,HR,High School,59812.77935823031,45999.67215365947,10.069241976851265
Male,Tech,High School,52361.0950498615,54873.02678211493,11.87471078396213
Male,Tech,High School,29987.468812869403,52748.1161940302,10.580345724975388
Male,Sales,High School,33669.78152704283,51580.66661100583,13.929595508300602
Male,Tech,High School,31694.651929884363,46843.44815937915,9.776964010724427
Male,Finance,Master,30557.347962893982,29640.737000154473,9.446345673442163
Male,Tech,PhD,54241.56549771486,56719.13252637194,11.77698864104003
Male,HR,Bachelor,54211.15739340137,44899.16053054808,10.297941444854048
Male,HR,Master,30451.414187342994,16184.592057817232,8.828773785158587
Female,Sales,High School,36032.57951141901,55213.745450249706,11.54843211875914
Male,HR,PhD,44118.946761895095,49003.038265852,8.042415120350064
Male,HR,High School,44736.99887382733,32947.767147780134,8.166468543942019
Male,Tech,PhD,38397.152695201046,36184.53012945887,8.41601793470316
Female,Tech,PhD,33988.37928557729,33619.992290970185,14.059207480499222
Male,Tech,Bachelor,43562.24851841694,42523.073854388575,0.3369509320428605
Male,HR,PhD,59304.71263243484,41494.74279369812,11.186796504288829
Male,Tech,Bachelor,30909.91184338644,26252.296548577964,10.102815442600669
Male,HR,High School,38532.275299737375,43277.9470719294,4.957388622285639
Male,Tech,High School,34184.706538097606,31925.061910674245,10.929180337408006
Male,Tech,Bachelor,33089.160226774206,57074.272369060614,11.427255975494596
Female,HR,High School,39982.03879001466,57905.772426640586,11.7689176940722
Male,Tech,Bachelor,40771.12266624712,56462.305999010954,2.0445158108651533
Male,Tech,PhD,32420.08422036649,29100.982744072156,14.099168235563315
Female,Tech,High School,43019.403022213,51018.8990258309,7.786789885945478
Male,Finance,Bachelor,42476.92042241217,7720.670956107492,12.059703240259529
Male,HR,Master,33827.34849243024,34772.64770549324,12.22322134204686
Male,Tech,Master,73259.89557131175,38958.79159649751,7.369908743142121
Male,Tech,PhD,36709.25296106332,45993.76716589664,11.981379857054652
Male,Tech,Bachelor,44022.96753265572,28304.34011709494,8.843520277262925
Male,Sales,PhD,54671.781800189136,60864.90443182487,3.785868461985528
Female,HR,Bachelor,47683.39750442405,56802.18576223263,13.503225776583337
Female,Tech,High School,30920.420364468333,971.7542646615295,7.674865110951281
Male,Tech,High School,48860.802670673474,55124.43270773662,7.436519611785837
Male,Tech,Bachelor,34800.07876228343,29008.476634936782,8.790802395889834
Female,HR,High School,39033.25394280655,52603.17035352491,10.816710175982164
Male,Sales,Bachelor,37520.79305810134,6161.512308696738,9.828188767533693
Male,Tech,Bachelor,37253.14775829683,67118.71240320656,11.644200774121511
Female,Tech,High School,43108.167413950025,54613.050238472846,5.981531900414023
Male,Tech,Bachelor,47875.4459519109,39562.611348173275,7.772840888707796
Male,Finance,Bachelor,54962.203858361856,25882.24125146404,9.6520087830354
Male,Tech,High School,36263.67922805621,37913.4838169677,15.693661877976115
Male,Sales,High School,31991.295534866484,57944.88338910467,9.658562384758726
Male,HR,High School,29969.94021640221,34642.254505990226,13.255666790984897
Male,Tech,High School,37271.19820741,22575.687406503326,10.115665506352952
Male,Tech,Master,46418.50741230938,45992.44505201718,8.549024087687295
Male,Tech,High School,38838.66281620266,20119.541900920092,9.259826727656678
Male,HR,Bachelor,50381.58530342819,48065.47336849718,9.494740863913355
Male,Sales,High School,40140.47298914294,32045.252862034835,11.810937216882216
Male,HR,High School,45220.4102263734,42743.60747050388,14.123833802729663
Female,Tech,Master,40496.91606854808,10357.686615513489,11.079042543058964
Male,Tech,Bachelor,51906.450916983,20300.38329131228,13.561233036225266
Male,Finance,High School,37025.52037501506,12348.699936186391,7.105630787110943
Male,Sales,High School,47263.6946754648,49782.77183794632,8.756108473557909
Male,Tech,High School,37184.271036299375,68576.95741760024,7.827092397376999
Male,Finance,High School,45018.94670284892,59438.54076255558,10.943333772624555
Male,HR,Bachelor,37033.23942662087,46462.32658860814,8.923124844461759
Male,Tech,High School,47736.126972880855,64741.50798745246,12.189318811102586
Male,HR,High School,35810.22100688322,58300.81404472478,7.206994865102676
Male,Sales,High School,42359.48111431365,25934.999165623645,10.129092919963844
Male,HR,Master,50396.11038949367,9979.000172900707,12.060573733036769
Female,Tech,PhD,44356.61152464523,45967.80203165644,3.804091674878169
Male,Tech,High School,42270.20179285319,60819.2751584024,16.36489392199061
Male,Finance,Bachelor,42705.998138297495,29560.142715164646,9.150544345360371
Male,Tech,High School,57213.88755159943,14540.834352813883,3.9248802589714806
Male,Tech,High School,35524.04907848865,33860.25323381878,10.474281695730358
Male,Tech,Bachelor,41025.16989200192,68545.21678136333,10.100330403919452
Male,Tech,Master,65971.51109316197,38092.40090875181,9.75431686128252
Female,HR,PhD,42840.172103910096,35758.04793843051,12.97357333878
Male,Finance,Bachelor,56473.958008359376,15702.84008485077,12.242334914281168
Male,Tech,High School,58800.32436003768,46391.85531043692,10.893628573071537
Male,Tech,Bachelor,42275.40636255118,21976.37909385204,11.350466901839942
Female,Tech,High School,60443.88440388949,51679.02930719882,9.68692465168574
Male,Sales,Bachelor,40046.12861316528,32681.01779623711,15.326472547720144
Male,HR,High School,37379.6604003006,28012.511651692144,5.5624119449267
Male,Tech,Bachelor,33127.52018681423,52325.33108165694,10.41895502264769
Male,Sales,High School,34722.80506893882,47826.71696955115,10.19507389356634
Male,Sales,High School,31846.82727021094,70751.16571277926,12.43984121819378
Male,Sales,Master,47640.38908401097,41667.582531105356,7.468438367725302
Male,Finance,High School,44048.87310764183,3324.9072349742028,4.768982192810392
Male,Tech,Bachelor,41039.34059426209,38456.66548645184,10.47046904829458
Male,Sales,High School,40794.95529059004,21941.861259886642,10.843691476655811
Male,Tech,High School,38130.38637653432,42213.88457253695,14.468798228342948
Male,Sales,High School,42160.05201353054,26728.269163867728,6.188913861024742
Male,HR,High School,35054.09125435976,57348.04236090541,13.46408130015016
Male,Sales,Master,47281.70043148563,64756.05515868744,17.102243092081366
Male,HR,High School,48385.9834141112,24749.05789768606,8.866705337432569
Male,Tech,PhD,56075.07628058383,58644.78849361994,6.127173341520328
Male,Tech,Bachelor,49960.02231712843,40776.90570189494,8.779076900879886
Male,Finance,High School,41047.467244121006,44045.04990287819,10.042014902114142
Male,Finance,Bachelor,57427.69095415841,35807.07059947033,11.691363625020744
Male,Tech,Bachelor,51954.87565433449,51180.44558969834,8.225815810485859
Male,Tech,Bachelor,38546.74358608828,48440.89978746033,14.665595602442025
Male,Tech,High School,40490.54177500819,43726.058879726734,6.656403054975815
Female,HR,High School,38076.115539638246,18407.41509827118,4.7823845434816
Male,Sales,Master,49244.06443384886,13443.277272958676,13.320131272861952
Male,Tech,Master,42566.910556775845,63170.809177197276,3.1761369063814016
Male,Tech,Master,50447.717458603365,54340.23341930769,9.387610693381852
Male,Sales,High School,42135.28703810704,23032.61105150341,19.35304338762414
Male,HR,Bachelor,32185.26189205011,1527.2455903541456,9.963869341120205
Male,Tech,High School,43968.57775504727,26347.067701313248,6.637697047911251
Male,Tech,High School,39850.40820829638,52790.90406163508,9.82780760863962
Male,Tech,High School,49277.69329927795,48078.77743753163,9.8475976341414
Male,Tech,Bachelor,42045.03197186478,43143.351751295755,10.481949821059349
Male,Tech,High School,30569.61766593763,26227.682281391517,11.98678894647886
Male,HR,High School,38582.16130958968,11276.635237405944,6.882666494896783
Male,Sales,Master,58213.04438187939,41158.50994367362,15.06264416571038
Male,HR,High School,46894.80883155493,26329.29268562484,10.735342853117851
Male,Sales,High School,59281.965569627806,66608.18793845653,12.180382139205411
Male,Tech,High School,51444.42960030405,49311.20027116554,8.115551800733073
Male,Tech,Master,31067.68268783297,8843.808497077991,13.8591464109866
Male,Tech,Bachelor,47178.611305873856,19493.438957141552,9.228842773560809
Male,Tech,High School,49248.78892313453,22264.524260630296,10.832657540480596
Male,HR,Master,34926.00159685152,51799.62765195831,7.200681768438672
Male,Finance,Master,43882.14899371661,33179.71947089281,7.009205120793619
Male,Tech,High School,27437.42417526477,60497.09154366926,12.064615919358648
Male,Tech,Bachelor,74143.97641037776,35305.99447645418,8.669179509377843
Male,Sales,Bachelor,55785.22196368844,40008.99473181286,7.438530737486869
Male,Tech,Bachelor,46844.94595431184,41631.91934015638,8.070449973918908
Male,Tech,High School,32541.533702435976,25945.375291461914,12.096859215152264
Male,HR,Master,39218.14889048604,60469.62303819382,8.112886416389166
Male,HR,Bachelor,36831.97452624668,37197.89561695617,9.647035205193507
Male,Tech,High School,37664.77967869776,13372.51171291773,10.04508325086129
Male,Tech,High School,34153.70869455219,26378.62980050036,4.247953341969103
Male,Sales,High School,57816.064053302805,50827.254904105495,5.586620783879446
Male,Tech,High School,40608.81548533744,30148.113966769208,11.008833667742689
Male,Tech,Bachelor,34764.61587007033,43242.38128211453,7.788911916541909
Male,Sales,High School,39845.10082318531,33065.54667002172,13.170174733841256
Male,Tech,High School,44163.69481046473,15457.314188812285,12.900421312751632
Male,HR,Bachelor,35835.96241679249,33903.66602808643,12.157505999066313
Male,Tech,High School,33755.77426417799,31210.005592956833,15.459315361937794
Male,Finance,PhD,44398.3058334164,39943.01866438352,9.750732016770453
Male,Tech,High School,38504.15273289932,40489.98161984566,11.946645777711517
Male,Tech,High School,47575.79987290651,15813.634486249995,8.246797070211906
Male,Tech,High School,50113.06167391892,7436.904884036209,17.35710973860617
Male,Tech,High School,32064.9095645912,25226.346892227437,15.950900957308058
Male,Sales,High School,30258.56026978643,30696.27478598508,10.035641303553376
Male,Finance,Bachelor,42368.25584941019,51069.144390871894,11.159758689715575
Male,Tech,PhD,47068.58410722367,47595.2581473139,14.077892798094418
Male,Tech,High School,39842.4234418322,20652.987696643686,9.55858148555768
Male,HR,Bachelor,59710.4192918633,31866.905361840134,8.030127787600886
Male,Sales,Bachelor,42675.28181596571,25036.059290829424,12.621969253020648
Female,Tech,Master,38620.42126943717,37131.49181478466,10.23531773825101
Male,Tech,High School,31780.94067550497,16669.110322123022,10.54898334893578
Male,Tech,High School,41036.413246511125,37350.99777918954,7.497185970796103
Male,HR,High School,33416.18103148613,19125.52924512095,4.846983554909811
Male,Tech,Bachelor,43811.12944501751,3540.211423870939,10.708427229637303
Male,HR,Master,41127.75155889945,22448.355121240664,12.7148861244826
Male,Tech,High School,39151.78088069127,31923.87231908181,9.322579752771874
Male,Sales,High School,46693.54935412388,48363.21829972182,14.3092885586766
Male,Tech,Master,50079.57282189671,33797.73068522308,7.888251023753367
Male,Tech,Master,46572.66706074902,14312.929808036477,6.8358866351022405
Male,Tech,PhD,30561.763790441768,21248.07197223544,9.798309078411606
Male,HR,Bachelor,31086.36448753069,38617.872655435545,9.752222273946128
Male,Tech,High School,38812.86778754172,60637.48539564534,12.309906194005668
Male,Tech,Bachelor,39737.1843438173,37588.53257060318,7.675111527808045
Male,Tech,Bachelor,28191.66623508829,38241.59617013557,14.104282710444696
Female,Tech,High School,60395.08423366933,29650.853066798765,15.900750887524762
Male,HR,Bachelor,44533.997807265936,44040.6184453698,9.882567919094974
Male,HR,Bachelor,54468.99680431094,12487.330283633197,13.749131260552955
Male,Sales,High School,52742.72062659102,43279.08862503941,6.83050878812422
Male,Tech,Bachelor,35610.26971483487,24936.016463172597,13.225664623545748
Female,Sales,Bachelor,32882.097219444484,20432.150032897112,13.141829225678388
Male,Tech,PhD,37116.81650679279,33380.426622199375,12.590311840569637
Male,Tech,High School,33395.239790543405,28583.309055251317,9.953310733389118
Male,Tech,High School,51931.4980284427,13970.92358877709,1.1372531762739069
Male,Tech,Bachelor,67774.19269565455,51843.819332815205,8.074818569043611
Male,Sales,High School,46844.383385560985,14754.581843611419,8.122251946946193
Male,HR,Bachelor,34734.0385892103,27949.71264398608,7.065235185818568
Male,Sales,Bachelor,46214.541452946745,16382.320910300406,10.366729013641198
Male,Tech,High School,48329.02055216536,52649.93730341251,8.743109663436297
Male,Tech,Bachelor,53446.32137171656,55123.45555388251,7.526163970704934
Female,Tech,Bachelor,43923.755996921645,29975.239718185374,6.823599555256541
Male,Tech,High School,48684.05196652176,34838.985394550175,7.853461043544314
Male,Tech,Master,45792.168543303815,48654.88647756395,13.364497635549784
Male,Tech,Master,34420.84602754608,55761.7527587698,8.016924836117518
Male,Tech,Bachelor,46037.32261169377,57892.23607837864,8.455183880700183
Male,Tech,Bachelor,31779.317405666847,34890.53234088761,8.629907154930262
Female,HR,High School,44260.0256159437,46290.61011678708,11.01698054142826
Male,Finance,Master,44479.05113612709,63341.07480569199,11.3687484655856
Male,Finance,Bachelor,43456.64044133355,28305.884870098012,0.8660303822705142
Male,HR,Bachelor,37000.141870654974,62688.86510372517,13.064905641482824
Male,Tech,Master,36490.47751273812,28334.122619567817,14.30910410273126
Male,HR,High School,55992.79846420802,34498.88321909666,6.849440387914992
Male,Sales,Master,30698.09491460333,27687.447920377675,7.083105265795496
Male,Tech,High School,47573.9226542475,52846.33982483035,8.649239836665185
Male,Tech,High School,34103.08316107818,25054.70124420871,7.7319879416301855
Male,Sales,High School,61873.79170782867,37759.703630250624,10.67178062183982
Male,Tech,PhD,44573.5533481645,58790.03952394359,4.160424140923407
Male,Tech,Master,36005.9491670407,33131.168860349906,6.646217175889781
Male,Tech,Bachelor,37717.08788407016,48741.12315978018,14.617591600524722
Male,Tech,Bachelor,32487.4107678129,10841.93458773779,7.215340097955947
Male,Tech,Bachelor,42977.961825088416,56923.22933427849,13.730284834308774
Male,Tech,Master,46974.94475055726,50204.669749726294,11.066014586770413
Male,Tech,High School,64125.57850304671,41089.52917634704,4.572196856235226
Male,Tech,High School,32897.7089290398,60764.669476133946,11.90598758564862
Female,Sales,High School,43653.82220842448,22231.079865234457,9.64699809342144
Male,Tech,Bachelor,51297.75963216181,23790.065485925326,8.63359883125078
Male,Tech,Bachelor,32243.43177180508,61785.37208802913,10.734871279516012
Male,Tech,High School,45337.88264864592,52404.64148420996,11.423900456700377
Male,Finance,High School,38638.88356716908,72309.2663296008,12.122775465923858
Male,Tech,Master,30924.74777956997,44752.022166915354,13.534758542644006
Male,Tech,High School,37451.11227556368,57542.013405597936,11.224407738335069
Male,Sales,Bachelor,43764.64847702803,50683.61455650441,5.873097733640915
Male,Sales,PhD,41859.42772208306,11433.35747939897,8.579063627046427
Male,Tech,High School,44655.522481982734,35999.020987794735,18.829145005805863
Male,Sales,High School,54792.82944557654,60028.28062916721,12.173473181145184
Male,Tech,Bachelor,54855.71519642939,50277.21892068675,17.107861902434493
Male,Tech,Master,38865.9846432969,21487.51524235003,14.186302246597556
Male,Tech,Bachelor,51595.766871795946,34278.336697877756,10.725406214667244
Male,Tech,PhD,50995.557687286535,42708.109277852695,10.904221209343351
Male,HR,High School,52864.94711067821,39502.93956693265,9.890259880369465
Male,Tech,Bachelor,31472.31827056201,34640.66468876457,4.786586152460502
Male,Tech,Bachelor,34424.59373861662,48159.02241871301,10.054141757404674
Male,HR,Master,56338.02407455909,33684.28480217139,13.632023657626592
Male,Sales,High School,41943.38811679563,28910.27092833963,8.20108001553639
Male,Tech,Master,33335.735361068124,45170.90924501853,11.235858997185428
Male,HR,Bachelor,42411.12290145191,12634.01480810663,12.554773137679591
Male,Tech,High School,49888.47730379237,41546.573508395195,7.270958682062574
Male,Sales,High School,45374.74646579332,49395.143236022006,8.646091406969006
Male,HR,Master,54346.568369403365,12935.838149360892,6.946265528568523
Female,Finance,High School,34315.30295638683,54050.42830444937,7.533503179931779
Male,Tech,High School,51378.83766351751,4556.907915313872,6.1371841490408165
Female,Tech,High School,38729.83040479074,10100.14923350988,7.298654615865919
Male,Tech,Master,32881.70103918525,58267.0232407155,14.258367042393518
